name,city,county,state,county_state,date1,county_state_date1,date2,Pre_rally_beg,pre_rally_end,post_rally_beg,post_rally_end,reason
Mike Pence,Exeter,Westmoreland,Pennsylvania,Westmoreland_Pennsylvania,20200901,Westmoreland_Pennsylvania_20200901,9/1/2020,8/18/2020,9/1/2020,9/1/2020,9/15/2020,Jobs campaign rally at construction company
Donald Trump,Kenosha,Kenosha ,Wisconsin,Kenosha _Wisconsin,20200901,Kenosha _Wisconsin_20200901,9/1/2020,8/18/2020,9/1/2020,9/1/2020,9/15/2020,Meeting with law enforcement and business owners following civil unrest
Donald Trump,Wilmington,New Hanover,North Carolina,New Hanover_North Carolina,20200902,New Hanover_North Carolina_20200902,9/2/2020,8/19/2020,9/2/2020,9/2/2020,9/16/2020,Commemorated 75th anniversary of end of World War II
Mike Pence,Raleigh,Wake,North Carolina,Wake_North Carolina,20200903,Wake_North Carolina_20200903,9/3/2020,8/20/2020,9/3/2020,9/3/2020,9/17/2020,Anti-abortion event at church
Mike Pence,Raleigh,Wake,North Carolina,Wake_North Carolina,20200903,Wake_North Carolina_20200903,9/3/2020,8/20/2020,9/3/2020,9/3/2020,9/17/2020,Cops for Trump campaign rally
Donald Trump,Latrobe,Westmoreland,Pennsylvania,Westmoreland_Pennsylvania,20200903,Westmoreland_Pennsylvania_20200903,9/3/2020,8/20/2020,9/3/2020,9/3/2020,9/17/2020,Airport campaign rally
Joe Biden,Wauwatosa,Milwaukee,Wisconsin,Milwaukee_Wisconsin,20200903,Milwaukee_Wisconsin_20200903,9/3/2020,8/20/2020,9/3/2020,9/3/2020,9/17/2020,Backyard back-to-school campaign event
Joe Biden,Kenosha,Kenosha ,Wisconsin,Kenosha _Wisconsin,20200903,Kenosha _Wisconsin_20200903,9/3/2020,8/20/2020,9/3/2020,9/3/2020,9/17/2020,Meeting with community members following Jacob Blake shooting
Joe Biden,Milwaukee,Milwaukee,Wisconsin,Milwaukee_Wisconsin,20200903,Milwaukee_Wisconsin_20200903,9/3/2020,8/20/2020,9/3/2020,9/3/2020,9/17/2020,Private meeting with family of Jacob Blake
Joe Biden,Harrisburg,Dauphin,Pennsylvania,Dauphin_Pennsylvania,20200907,Dauphin_Pennsylvania_20200907,9/7/2020,8/24/2020,9/7/2020,9/7/2020,9/21/2020,Labor Day event at Pennsylvania AFL-CIO headquarters
Mike Pence,LaCrosse,LaCrosse,Wisconsin,LaCrosse_Wisconsin,20200907,LaCrosse_Wisconsin_20200907,9/7/2020,8/24/2020,9/7/2020,9/7/2020,9/21/2020,Event at Dairyland Power Cooperative on jobs
Kamala Harris,Milwaukee,Milwaukee,Wisconsin,Milwaukee_Wisconsin,20200907,Milwaukee_Wisconsin_20200907,9/7/2020,8/24/2020,9/7/2020,9/7/2020,9/21/2020,"Event with black business owners, meeting with Jacob Blake's family"
Kamala Harris,Milwaukee,Milwaukee,Wisconsin,Milwaukee_Wisconsin,20200907,Milwaukee_Wisconsin_20200907,9/7/2020,8/24/2020,9/7/2020,9/7/2020,9/21/2020,Meeting with IBEW union workers
Donald Trump,Jupiter,Palm Beach,Florida,Palm Beach_Florida,20200908,Palm Beach_Florida_20200908,9/8/2020,8/25/2020,9/8/2020,9/8/2020,9/22/2020,Event on protecting Everglades
Donald Trump,Winston-Salem,Forsyth,North Carolina,Forsyth_North Carolina,20200908,Forsyth_North Carolina_20200908,9/8/2020,8/25/2020,9/8/2020,9/8/2020,9/22/2020,Airport campaign rally
Joe Biden,Warren,Macomb,Michigan,Macomb_Michigan,20200909,Macomb_Michigan_20200909,9/9/2020,8/26/2020,9/9/2020,9/9/2020,9/23/2020,Campaign event with United Auto Workers union
Joe Biden,Detroit,Wayne,Michigan,Wayne_Michigan,20200909,Wayne_Michigan_20200909,9/9/2020,8/26/2020,9/9/2020,9/9/2020,9/23/2020,Backyard campaign event with steelworkers
Mike Pence,Export,Westmoreland,Pennsylvania,Westmoreland_Pennsylvania,20200909,Westmoreland_Pennsylvania_20200909,9/9/2020,8/26/2020,9/9/2020,9/9/2020,9/23/2020,Anti-abortion event at church
Mike Pence,Export,Westmoreland,Pennsylvania,Westmoreland_Pennsylvania,20200909,Westmoreland_Pennsylvania_20200909,9/9/2020,8/26/2020,9/9/2020,9/9/2020,9/23/2020,Workers for Trump campaign event
Kamala Harris,Miami,Miami-Dade,Florida,Miami-Dade_Florida,20200910,Miami-Dade_Florida_20200910,9/10/2020,8/27/2020,9/10/2020,9/10/2020,9/24/2020,Roundtable on African American issues at FMU
Donald Trump,Freeland,Saginaw,Michigan,Saginaw_Michigan,20200910,Saginaw_Michigan_20200910,9/10/2020,8/27/2020,9/10/2020,9/10/2020,9/24/2020,Airport campaign rally in Saginaw Co.
Mike Pence,Lexington,Rockbridge,Virginia,Rockbridge_Virginia,20200910,Rockbridge_Virginia_20200910,9/10/2020,8/27/2020,9/10/2020,9/10/2020,9/24/2020,Speech to cadets at Virginia Military Academy
Mike Pence,New York,Manhattan,New York,Manhattan_New York,20200911,Manhattan_New York_20200911,9/11/2020,8/28/2020,9/11/2020,9/11/2020,9/25/2020,9/11 commemoration event
Joe Biden,New York,Manhattan,New York,Manhattan_New York,20200911,Manhattan_New York_20200911,9/11/2020,8/28/2020,9/11/2020,9/11/2020,9/25/2020,9/11 commemoration event
Donald Trump,Shanksville,Somerset,Pennsylvania,Somerset_Pennsylvania,20200911,Somerset_Pennsylvania_20200911,9/11/2020,8/28/2020,9/11/2020,9/11/2020,9/25/2020,9/11 commemoration event
Joe Biden,Shanksville,Somerset,Pennsylvania,Somerset_Pennsylvania,20200911,Somerset_Pennsylvania_20200911,9/11/2020,8/28/2020,9/11/2020,9/11/2020,9/25/2020,9/11 commemoration event
Kamala Harris,Fairfax,Fairfax,Virginia,Fairfax_Virginia,20200911,Fairfax_Virginia_20200911,9/11/2020,8/28/2020,9/11/2020,9/11/2020,9/25/2020,9/11 commemoration event
Donald Trump,Minden,Douglas,Nevada,Douglas_Nevada,20200912,Douglas_Nevada_20200912,9/12/2020,8/29/2020,9/12/2020,9/12/2020,9/26/2020,Airport campaign rally
Donald Trump,Henderson,Clark,Nevada,Clark_Nevada,20200913,Clark_Nevada_20200913,9/13/2020,8/30/2020,9/13/2020,9/13/2020,9/27/2020,Campaign rally at manufacturing facility
Donald Trump,Las Vegas,Clark,Nevada,Clark_Nevada,20200913,Clark_Nevada_20200913,9/13/2020,8/30/2020,9/13/2020,9/13/2020,9/27/2020,Latinos for Trump roundtable at Treasure Island casino
Donald Trump,Phoenix,Maricopa,Arizona,Maricopa_Arizona,20200914,Maricopa_Arizona_20200914,9/14/2020,8/31/2020,9/14/2020,9/14/2020,9/28/2020,Latinos for Trump campaign event
Donald Trump,McClellan Park,Sacramento,California,Sacramento_California,20200914,Sacramento_California_20200914,9/14/2020,8/31/2020,9/14/2020,9/14/2020,9/28/2020,"Briefing on Calif. wildfires, event honoring National Guard"
Mike Pence,Belgrade,Gallatin,Minnesota,Gallatin_Minnesota,20200914,Gallatin_Minnesota_20200914,9/14/2020,8/31/2020,9/14/2020,9/14/2020,9/28/2020,Campaign rally for U.S. Sen. Steve Daines
Mike Pence,Janesville,Rock,Wisconsin,Rock_Wisconsin,20200914,Rock_Wisconsin_20200914,9/14/2020,8/31/2020,9/14/2020,9/14/2020,9/28/2020,Campaign rally at Holiday Inn
Kamala Harris,Fresno,Fresno,California,Fresno_California,20200915,Fresno_California_20200915,9/15/2020,9/1/2020,9/15/2020,9/15/2020,9/29/2020,Meeting with emergency personnel about Calif. wildfires
Joe Biden,Tampa,Hillsborough,Florida,Hillsborough_Florida,20200915,Hillsborough_Florida_20200915,9/15/2020,9/1/2020,9/15/2020,9/15/2020,9/29/2020,Veterans roundtable events
Joe Biden,Kissimmee,Osceola,Florida,Osceola_Florida,20200915,Osceola_Florida_20200915,9/15/2020,9/1/2020,9/15/2020,9/15/2020,9/29/2020,Hispanic Heritage Month event
Kamala Harris,Las Vegas,Clark,Nevada,Clark_Nevada,20200915,Clark_Nevada_20200915,9/15/2020,9/1/2020,9/15/2020,9/15/2020,9/29/2020,Event on COVID-19 impact on Latino families
Mike Pence,Zanesville,Muskingum,Ohio,Muskingum_Ohio,20200916,Muskingum_Ohio_20200916,9/16/2020,9/2/2020,9/16/2020,9/16/2020,9/30/2020,Workers for Trump campaign event
Joe Biden,Scranton,Lackawanna,Pennsylvania,Lackawanna_Pennsylvania,20200917,Lackawanna_Pennsylvania_20200917,9/17/2020,9/3/2020,9/17/2020,9/17/2020,10/1/2020,CNN Town Hall
Kamala Harris,Philadelphia,Philadelphia,Pennsylvania,Philadelphia_Pennsylvania,20200917,Philadelphia_Pennsylvania_20200917,9/17/2020,9/3/2020,9/17/2020,9/17/2020,10/1/2020,Backyard event with women leaders; meeting with Latino leaders
Donald Trump,Mosinee,Marathon,Wisconsin,Marathon_Wisconsin,20200917,Marathon_Wisconsin_20200917,9/17/2020,9/3/2020,9/17/2020,9/17/2020,10/1/2020,Airport rally
Mike Pence,Litchfield Park,Maricopa,Arizona,Maricopa_Arizona,20200918,Maricopa_Arizona_20200918,9/18/2020,9/4/2020,9/18/2020,9/18/2020,10/2/2020,Veterans for Trump campaign event
Mike Pence,Phoenix,Maricopa,Arizona,Maricopa_Arizona,20200918,Maricopa_Arizona_20200918,9/18/2020,9/4/2020,9/18/2020,9/18/2020,10/2/2020,Hispanic Heritage month event
Donald Trump,Bemidji,Bemidji,Minnesota,Bemidji_Minnesota,20200918,Bemidji_Minnesota_20200918,9/18/2020,9/4/2020,9/18/2020,9/18/2020,10/2/2020,Airport campaign rally
Joe Biden,Duluth,St Louis,Minnesota,St Louis_Minnesota,20200918,St Louis_Minnesota_20200918,9/18/2020,9/4/2020,9/18/2020,9/18/2020,10/2/2020,Tour and speech at union training center
Donald Trump,Fayetteville,Cumberland,North Carolina,Cumberland_North Carolina,20200919,Cumberland_North Carolina_20200919,9/19/2020,9/5/2020,9/19/2020,9/19/2020,10/3/2020,Airport campaign rally
Joe Biden,Philadelphia,Philadelphia,Pennsylvania,Philadelphia_Pennsylvania,20200920,Philadelphia_Pennsylvania_20200920,9/20/2020,9/6/2020,9/20/2020,9/20/2020,10/4/2020,Speech on Supreme Court vacancy
Donald Trump,Swanton,Fulton,Ohio,Fulton_Ohio,20200921,Fulton_Ohio_20200921,9/21/2020,9/7/2020,9/21/2020,9/21/2020,10/5/2020,Airport campaign rally
Donald Trump,Dayton,Montgomery,Ohio,Montgomery_Ohio,20200921,Montgomery_Ohio_20200921,9/21/2020,9/7/2020,9/21/2020,9/21/2020,10/5/2020,Airport speech on American workers
Joe Biden,Manitowoc,Manitowoc,Wisconsin,Manitowoc_Wisconsin,20200921,Manitowoc_Wisconsin_20200921,9/21/2020,9/7/2020,9/21/2020,9/21/2020,10/5/2020,Tour and speech at aluminum manufacturing facility
Kamala Harris,Flint,Genesee,Maine,Genesee_Maine,20200922,Genesee_Maine_20200922,9/22/2020,9/8/2020,9/22/2020,9/22/2020,10/6/2020,Tour of local Black-owned businesses
Kamala Harris,Detroit,Wayne,Michigan,Wayne_Michigan,20200922,Wayne_Michigan_20200922,9/22/2020,9/8/2020,9/22/2020,9/22/2020,10/6/2020,"""Shop talk"" event with Black community; get out the vote event"
Mike Pence,Gilford,Belknap,New Hampshire,Belknap_New Hampshire,20200922,Belknap_New Hampshire_20200922,9/22/2020,9/8/2020,9/22/2020,9/22/2020,10/6/2020,Airport campaign rally
Donald Trump,Moon Township,Allegheny,Pennsylvania,Allegheny_Pennsylvania,20200922,Allegheny_Pennsylvania_20200922,9/22/2020,9/8/2020,9/22/2020,9/22/2020,10/6/2020,Rally at Pittsburgh airport
Joe Biden,Charlotte,Mecklenburg,North Carolina,Mecklenburg_North Carolina,20200923,Mecklenburg_North Carolina_20200923,9/23/2020,9/9/2020,9/23/2020,9/23/2020,10/7/2020,Black economic summit event
Donald Trump,Jacksonville,Duval,Florida,Duval_Florida,20200924,Duval_Florida_20200924,9/24/2020,9/10/2020,9/24/2020,9/24/2020,10/8/2020,Airport campaign rally
Mike Pence,Minneapolis,Hennepin,Minnesota,Hennepin_Minnesota,20200924,Hennepin_Minnesota_20200924,9/24/2020,9/10/2020,9/24/2020,9/24/2020,10/8/2020,Cops for Trump event
Donald Trump,Charlotte,Mecklenburg,North Carolina,Mecklenburg_North Carolina,20200924,Mecklenburg_North Carolina_20200924,9/24/2020,9/10/2020,9/24/2020,9/24/2020,10/8/2020,America First Healthcare event
Mike Pence,Eau Claire,Eau Claire,Wisconsin,Eau Claire_Wisconsin,20200924,Eau Claire_Wisconsin_20200924,9/24/2020,9/10/2020,9/24/2020,9/24/2020,10/8/2020,Made in America event at Midwest Manufacturing
Donald Trump,Doral,Miami-Dade,Florida,Miami-Dade_Florida,20200925,Miami-Dade_Florida_20200925,9/25/2020,9/11/2020,9/25/2020,9/25/2020,10/9/2020,Latinos for Trump roundtable
Donald Trump,Atlanta,Fulton,Georgia,Fulton_Georgia,20200925,Fulton_Georgia_20200925,9/25/2020,9/11/2020,9/25/2020,9/25/2020,10/9/2020,Speech on Black economic empowerment
Donald Trump,Newport News,Warwick,Virginia,Warwick_Virginia,20200925,Warwick_Virginia_20200925,9/25/2020,9/11/2020,9/25/2020,9/25/2020,10/9/2020,Airport campaign rally
Donald Trump,Middletown,Dauphin,Pennsylvania,Dauphin_Pennsylvania,20200926,Dauphin_Pennsylvania_20200926,9/26/2020,9/12/2020,9/26/2020,9/26/2020,10/10/2020,Airport campaign rally
Kamala Harris,Raleigh ,Wake,North Carolina,Wake_North Carolina,20200928,Wake_North Carolina_20200928,9/28/2020,9/14/2020,9/28/2020,9/28/2020,10/12/2020,"Speech on Supreme Court vacancy, event with Black women"
Donald Trump,Cleveland,Cuyahoga,Ohio,Cuyahoga_Ohio,20200929,Cuyahoga_Ohio_20200929,9/29/2020,9/15/2020,9/29/2020,9/29/2020,10/13/2020,First presidential debate
Joe Biden,Cleveland,Cuyahoga,Ohio,Cuyahoga_Ohio,20200929,Cuyahoga_Ohio_20200929,9/29/2020,9/15/2020,9/29/2020,9/29/2020,10/13/2020,First presidential debate
Mike Pence,Lititz,Lancaster,Pennsylvania,Lancaster_Pennsylvania,20200929,Lancaster_Pennsylvania_20200929,9/29/2020,9/15/2020,9/29/2020,9/29/2020,10/13/2020,Campaign rally and debate watch party
Mike Pence,Atlanta,Fulton,Georgia,Fulton_Georgia,20200930,Fulton_Georgia_20200930,9/30/2020,9/16/2020,9/30/2020,9/30/2020,10/14/2020,Speech at Faith & Freedom Coalition Policy Conference
Donald Trump,Duluth,St Louis,Minnesota,St Louis_Minnesota,20200930,St Louis_Minnesota_20200930,9/30/2020,9/16/2020,9/30/2020,9/30/2020,10/14/2020,Airport campaign rally
Joe Biden,Cleveland,Cuyahoga,Ohio,Cuyahoga_Ohio,20200930,Cuyahoga_Ohio_20200930,9/30/2020,9/16/2020,9/30/2020,9/30/2020,10/14/2020,Train tour campaign stop
Joe Biden,Alliance,Stark,Ohio,Stark_Ohio,20200930,Stark_Ohio_20200930,9/30/2020,9/16/2020,9/30/2020,9/30/2020,10/14/2020,Train tour campaign stop
Joe Biden,Pittsburgh,Allegheny,Pennsylvania,Allegheny_Pennsylvania,20200930,Allegheny_Pennsylvania_20200930,9/30/2020,9/16/2020,9/30/2020,9/30/2020,10/14/2020,Train tour campaign stop
Joe Biden,Johnstown,Cambria,Pennsylvania,Cambria_Pennsylvania,20200930,Cambria_Pennsylvania_20200930,9/30/2020,9/16/2020,9/30/2020,9/30/2020,10/14/2020,Drive-thru campaign rally
Joe Biden,Greensburg,Westmoreland,Pennsylvania,Westmoreland_Pennsylvania,20200930,Westmoreland_Pennsylvania_20200930,9/30/2020,9/16/2020,9/30/2020,9/30/2020,10/14/2020,Train tour campaign stop
Joe Biden,Latrobe,Westmoreland,Pennsylvania,Westmoreland_Pennsylvania,20200930,Westmoreland_Pennsylvania_20200930,9/30/2020,9/16/2020,9/30/2020,9/30/2020,10/14/2020,Train tour campaign stop
Joe Biden,New Alexandria,Westmoreland,Pennsylvania,Westmoreland_Pennsylvania,20200930,Westmoreland_Pennsylvania_20200930,9/30/2020,9/16/2020,9/30/2020,9/30/2020,10/14/2020,Train tour campaign stop
MIke Pence,Carter Lake,Gilmer,Iowa,Gilmer_Iowa,20201001,Gilmer_Iowa_20201001,10/1/2020,9/17/2020,10/1/2020,10/1/2020,10/15/2020,Campaign rally
Mike Pence,Des Moines,Polk,Iowa,Polk_Iowa,20201001,Polk_Iowa_20201001,10/1/2020,9/17/2020,10/1/2020,10/1/2020,10/15/2020,Speech at Faith in Leadership: The Need for Revival
Joe Biden,Grand Rapids,Kent,Michigan,Kent_Michigan,20201002,Kent_Michigan_20201002,10/2/2020,9/18/2020,10/2/2020,10/2/2020,10/16/2020,Campaign event on rebuilding the economy
Kamala Harris,Las Vegas,Clark,Nevada,Clark_Nevada,20201002,Clark_Nevada_20201002,10/2/2020,9/18/2020,10/2/2020,10/2/2020,10/16/2020,Drive-thru voter mobilization event
Kamala Harris,Salt Lake City ,Salt Lake,Utah,Salt Lake_Utah,20201003,Salt Lake_Utah_20201003,10/3/2020,9/19/2020,10/3/2020,10/3/2020,10/17/2020,Visit to This Is The Place Heritage Park
Joe Biden,Miami,Miami-Dade,Florida,Miami-Dade_Florida,20201005,Miami-Dade_Florida_20201005,10/5/2020,9/21/2020,10/5/2020,10/5/2020,10/19/2020,"Visit to Little Haiti, event in Little Havana, NBC town hall"
Joe Biden,Gettysburg,Adams,Pennsylvania,Adams_Pennsylvania,20201006,Adams_Pennsylvania_20201006,10/6/2020,9/22/2020,10/6/2020,10/6/2020,10/20/2020,Speech on uniting the nation
Kamala Harris,Salt Lake City ,Salt Lake,Utah,Salt Lake_Utah,20201007,Salt Lake_Utah_20201007,10/7/2020,9/23/2020,10/7/2020,10/7/2020,10/21/2020,Vice presidential debate
Mike Pence,Salt Lake City ,Salt Lake,Utah,Salt Lake_Utah,20201007,Salt Lake_Utah_20201007,10/7/2020,9/23/2020,10/7/2020,10/7/2020,10/21/2020,Vice presidential debate
Mike Pence,Peoria,Maricopa,Arizona,Maricopa_Arizona,20201008,Maricopa_Arizona_20201008,10/8/2020,9/24/2020,10/8/2020,10/8/2020,10/22/2020,Campaign rally
Joe Biden,Phoenix,Maricopa,Arizona,Maricopa_Arizona,20201008,Maricopa_Arizona_20201008,10/8/2020,9/24/2020,10/8/2020,10/8/2020,10/22/2020,Meeting with American Indian tribal leaders; carpenters union event
Joe Biden,Tempe ,Maricopa,Arizona,Maricopa_Arizona,20201008,Maricopa_Arizona_20201008,10/8/2020,9/24/2020,10/8/2020,10/8/2020,10/22/2020,Small business visit
Mike Pence,Boulder City ,Clark,Nevada,Clark_Nevada,20201008,Clark_Nevada_20201008,10/8/2020,9/24/2020,10/8/2020,10/8/2020,10/22/2020,Campaign rally
Joe Biden,Las Vegas,Clark,Nevada,Clark_Nevada,20201009,Clark_Nevada_20201009,10/9/2020,9/25/2020,10/9/2020,10/9/2020,10/23/2020,Drive-in campaign event
Mike Pence,Orlando,Orange,Florida,Orange_Florida,20201010,Orange_Florida_20201010,10/10/2020,9/26/2020,10/10/2020,10/10/2020,10/24/2020,Latinos for Trump event
Mike Pence,The Villages,Sumter,Florida,Sumter_Florida,20201010,Sumter_Florida_20201010,10/10/2020,9/26/2020,10/10/2020,10/10/2020,10/24/2020,Campaign rally
Joe Biden,Erie,Erie,Pennsylvania,Erie_Pennsylvania,20201010,Erie_Pennsylvania_20201010,10/10/2020,9/26/2020,10/10/2020,10/10/2020,10/24/2020,Speech on the rebuilding the economy
Donald Trump,Sanford,Seminole,Florida,Seminole_Florida,20201012,Seminole_Florida_20201012,10/12/2020,9/28/2020,10/12/2020,10/12/2020,10/26/2020,Airport campaign rally
Mike Pence,Columbus,Franklin,Ohio,Franklin_Ohio,20201012,Franklin_Ohio_20201012,10/12/2020,9/28/2020,10/12/2020,10/12/2020,10/26/2020,Campaign rally at fire station
Joe Biden,Cincinnati,Hamilton,Ohio,Hamilton_Ohio,20201012,Hamilton_Ohio_20201012,10/12/2020,9/28/2020,10/12/2020,10/12/2020,10/26/2020,Voter mobilization event
Joe Biden,Toledo,Lucas,Ohio,Lucas_Ohio,20201012,Lucas_Ohio_20201012,10/12/2020,9/28/2020,10/12/2020,10/12/2020,10/26/2020,Campaign event on the economy
Joe Biden,Miramar ,Broward,Florida,Broward_Florida,20201013,Broward_Florida_20201013,10/13/2020,9/29/2020,10/13/2020,10/13/2020,10/27/2020,Voter mobilization event
Joe Biden,Pembroke Pines,Broward,Florida,Broward_Florida,20201013,Broward_Florida_20201013,10/13/2020,9/29/2020,10/13/2020,10/13/2020,10/27/2020,Campaign speech on plan for seniors
Donald Trump,Johnstown,Cambria,Pennsylvania,Cambria_Pennsylvania,20201013,Cambria_Pennsylvania_20201013,10/13/2020,9/29/2020,10/13/2020,10/13/2020,10/27/2020,Airport campaign rally
Mike Pence,Waukesha,Waukesha,Wisconsin,Waukesha_Wisconsin,20201013,Waukesha_Wisconsin_20201013,10/13/2020,9/29/2020,10/13/2020,10/13/2020,10/27/2020,Campaign rally
Donald Trump,Des Moines,Polk,Iowa,Polk_Iowa,20201014,Polk_Iowa_20201014,10/14/2020,9/30/2020,10/14/2020,10/14/2020,10/28/2020,Airport campaign rally
Mike Pence,Grand Rapids,Kent,Michigan,Kent_Michigan,20201014,Kent_Michigan_20201014,10/14/2020,9/30/2020,10/14/2020,10/14/2020,10/28/2020,Campaign rally
Mike Pence,Miami,Miami-Dade,Florida,Miami-Dade_Florida,20201015,Miami-Dade_Florida_20201015,10/15/2020,10/1/2020,10/15/2020,10/15/2020,10/29/2020,Faith in America roundtable
Donald Trump,Miami,Miami-Dade,Florida,Miami-Dade_Florida,20201015,Miami-Dade_Florida_20201015,10/15/2020,10/1/2020,10/15/2020,10/15/2020,10/29/2020,NBC town hall
Donald Trump,Greenville,Pitt,North Carolina,Pitt_North Carolina,20201015,Pitt_North Carolina_20201015,10/15/2020,10/1/2020,10/15/2020,10/15/2020,10/29/2020,Airport campaign rally
Joe Biden,Philadelphia,Philadelphia,Pennsylvania,Philadelphia_Pennsylvania,20201015,Philadelphia_Pennsylvania_20201015,10/15/2020,10/1/2020,10/15/2020,10/15/2020,10/29/2020,ABC town hall
Donald Trump,Ft. Myers,Lee,Florida,Lee_Florida,20201016,Lee_Florida_20201016,10/16/2020,10/2/2020,10/16/2020,10/16/2020,10/30/2020,Speech on protecting seniors
Donald Trump,Ocala,Marion,Florida,Marion_Florida,20201016,Marion_Florida_20201016,10/16/2020,10/2/2020,10/16/2020,10/16/2020,10/30/2020,Airport campaign rally
Donald Trump,Macon,Macon-Bidd,Georgia,Macon-Bidd_Georgia,20201016,Macon-Bidd_Georgia_20201016,10/16/2020,10/2/2020,10/16/2020,10/16/2020,10/30/2020,Airport campaign rally
Joe Biden,Southfield,Oakland,Michigan,Oakland_Michigan,20201016,Oakland_Michigan_20201016,10/16/2020,10/2/2020,10/16/2020,10/16/2020,10/30/2020,Speech on healthcare
Joe Biden,Detroit,Wayne,Michigan,Wayne_Michigan,20201016,Wayne_Michigan_20201016,10/16/2020,10/2/2020,10/16/2020,10/16/2020,10/30/2020,Voter mobilization event
Mike Pence,Selma,Johnston,North Carolina,Johnston_North Carolina,20201016,Johnston_North Carolina_20201016,10/16/2020,10/2/2020,10/16/2020,10/16/2020,10/30/2020,Campaign rally
Donald Trump,Muskegon,Muskegon,Michigan,Muskegon_Michigan,20201017,Muskegon_Michigan_20201017,10/17/2020,10/3/2020,10/17/2020,10/17/2020,10/31/2020,Airport campaign rally
Mike Pence,Reading,Berks,Pennsylvania,Berks_Pennsylvania,20201017,Berks_Pennsylvania_20201017,10/17/2020,10/3/2020,10/17/2020,10/17/2020,10/31/2020,Airport campaign rally
Donald Trump,Janesville,Rock,Wisconsin,Rock_Wisconsin,20201017,Rock_Wisconsin_20201017,10/17/2020,10/3/2020,10/17/2020,10/17/2020,10/31/2020,Airport campaign rally
Donald Trump,Las Vegas,Clark,Nevada,Clark_Nevada,20201018,Clark_Nevada_20201018,10/18/2020,10/4/2020,10/18/2020,10/18/2020,11/1/2020,Attends church service
Donald Trump,Carson City,Ormsby,Nevada,Ormsby_Nevada,20201018,Ormsby_Nevada_20201018,10/18/2020,10/4/2020,10/18/2020,10/18/2020,11/1/2020,Airport campaign rally
Joe Biden,Durham,Durham,North Carolina,Durham_North Carolina,20201018,Durham_North Carolina_20201018,10/18/2020,10/4/2020,10/18/2020,10/18/2020,11/1/2020,Voter mobilization event
Donald Trump,Tucson,Pima,Arizona,Pima_Arizona,20201019,Pima_Arizona_20201019,10/19/2020,10/5/2020,10/19/2020,10/19/2020,11/2/2020,Airport campaign rally
Donald Trump,Prescott,Yavapai,Arizona,Yavapai_Arizona,20201019,Yavapai_Arizona_20201019,10/19/2020,10/5/2020,10/19/2020,10/19/2020,11/2/2020,Airport campaign rally
Kamala Harris,Jacksonville,Duval,Florida,Duval_Florida,20201019,Duval_Florida_20201019,10/19/2020,10/5/2020,10/19/2020,10/19/2020,11/2/2020,Voter mobilization event
Kamala Harris,Orlando,Orange,Florida,Orange_Florida,20201019,Orange_Florida_20201019,10/19/2020,10/5/2020,10/19/2020,10/19/2020,11/2/2020,Early voting drive-in rally
Mike Pence,Hermon,Penobscot,Maine,Penobscot_Maine,20201019,Penobscot_Maine_20201019,10/19/2020,10/5/2020,10/19/2020,10/19/2020,11/2/2020,Campaign rally
Donald Trump,Erie,Erie,Pennsylvania,Erie_Pennsylvania,20201020,Erie_Pennsylvania_20201020,10/20/2020,10/6/2020,10/20/2020,10/20/2020,11/3/2020,Airport campaign rally
Mike Pence,Portsmouth,Rockingham,New Hampshire,Rockingham_New Hampshire,20201021,Rockingham_New Hampshire_20201021,10/21/2020,10/7/2020,10/21/2020,10/21/2020,11/4/2020,Airport campaign rally
Kamala Harris,Asheville,Buncombe,North Carolina,Buncombe_North Carolina,20201021,Buncombe_North Carolina_20201021,10/21/2020,10/7/2020,10/21/2020,10/21/2020,11/4/2020,Voter mobilization event
Kamala Harris,Charlotte,Mecklenburg,North Carolina,Mecklenburg_North Carolina,20201021,Mecklenburg_North Carolina_20201021,10/21/2020,10/7/2020,10/21/2020,10/21/2020,11/4/2020,Voter mobilization event
Mike Pence,Cincinnati,Hamilton,Ohio,Hamilton_Ohio,20201021,Hamilton_Ohio_20201021,10/21/2020,10/7/2020,10/21/2020,10/21/2020,11/4/2020,Airport campaign rally
Donald Trump,Gastonia,Gastonia,Pennsylvania,Gastonia_Pennsylvania,20201021,Gastonia_Pennsylvania_20201021,10/21/2020,10/7/2020,10/21/2020,10/21/2020,11/4/2020,Airport campaign rally
Mke Pence,Ft. Wayne,Allen,Indiana,Allen_Indiana,20201022,Allen_Indiana_20201022,10/22/2020,10/8/2020,10/22/2020,10/22/2020,11/5/2020,Campaign rally
Mike Pence,Waterford Township,Oakland,Michigan,Oakland_Michigan,20201022,Oakland_Michigan_20201022,10/22/2020,10/8/2020,10/22/2020,10/22/2020,11/5/2020,Campaign rally
Joe Biden,Nashville,Davidson,Tennessee,Davidson_Tennessee,20201022,Davidson_Tennessee_20201022,10/22/2020,10/8/2020,10/22/2020,10/22/2020,11/5/2020,Presidential debate
Donald Trump,Nashville,Davidson,Tennessee,Davidson_Tennessee,20201022,Davidson_Tennessee_20201022,10/22/2020,10/8/2020,10/22/2020,10/22/2020,11/5/2020,Presidential debate
Donald Trump,Pensacola,Escambia,Florida,Escambia_Florida,20201023,Escambia_Florida_20201023,10/23/2020,10/9/2020,10/23/2020,10/23/2020,11/6/2020,Airport campaign rally
Donald Trump,The Villages,Sumter,Florida,Sumter_Florida,20201023,Sumter_Florida_20201023,10/23/2020,10/9/2020,10/23/2020,10/23/2020,11/6/2020,Campaign rally
Kamala Harris,Atlanta,Fulton,Georgia,Fulton_Georgia,20201023,Fulton_Georgia_20201023,10/23/2020,10/9/2020,10/23/2020,10/23/2020,11/6/2020,Voter mobilizaiton event at Morehouse College
Mike Pence,Indianapolis ,Marion,Indiana,Marion_Indiana,20201023,Marion_Indiana_20201023,10/23/2020,10/9/2020,10/23/2020,10/23/2020,11/6/2020,Cast early vote
Mike Pence,Swanton,Fulton,Ohio,Fulton_Ohio,20201023,Fulton_Ohio_20201023,10/23/2020,10/9/2020,10/23/2020,10/23/2020,11/6/2020,Campaign rally
MIke Pence,West Mifflin,Allegheny,Pennsylvania,Allegheny_Pennsylvania,20201023,Allegheny_Pennsylvania_20201023,10/23/2020,10/9/2020,10/23/2020,10/23/2020,11/6/2020,Campaign rally
Mike Pence,Tallahassee,Leon,Florida,Leon_Florida,20201024,Leon_Florida_20201024,10/24/2020,10/10/2020,10/24/2020,10/24/2020,11/7/2020,Airport campaign rally
Donald Trump,West Palm Beach,Palm Beach,Florida,Palm Beach_Florida,20201024,Palm Beach_Florida_20201024,10/24/2020,10/10/2020,10/24/2020,10/24/2020,11/7/2020,Cast early vote
Mike Pence,Lakeland,Polk,Florida,Polk_Florida,20201024,Polk_Florida_20201024,10/24/2020,10/10/2020,10/24/2020,10/24/2020,11/7/2020,Campaign rally
Donald Trump,Lumberton,Robson,North Carolina,Robson_North Carolina,20201024,Robson_North Carolina_20201024,10/24/2020,10/10/2020,10/24/2020,10/24/2020,11/7/2020,Campaign rally
Kamala Harris,Cleveland,Cuyahoga,Ohio,Cuyahoga_Ohio,20201024,Cuyahoga_Ohio_20201024,10/24/2020,10/10/2020,10/24/2020,10/24/2020,11/7/2020,Early voting event
Donald Trump,Circleville,Pickaway,Ohio,Pickaway_Ohio,20201024,Pickaway_Ohio_20201024,10/24/2020,10/10/2020,10/24/2020,10/24/2020,11/7/2020,Campaign rally
Joe Biden,Bristol,Bucks,Pennsylvania,Bucks_Pennsylvania,20201024,Bucks_Pennsylvania_20201024,10/24/2020,10/10/2020,10/24/2020,10/24/2020,11/7/2020,Drive-in campaign rally
Joe Biden,Dallas,Luzerne,Pennsylvania,Luzerne_Pennsylvania,20201024,Luzerne_Pennsylvania_20201024,10/24/2020,10/10/2020,10/24/2020,10/24/2020,11/7/2020,Drive-in campaign rally with Bon Jovi
Donald Trump,Waukesha,Waukesha,Wisconsin,Waukesha_Wisconsin,20201024,Waukesha_Wisconsin_20201024,10/24/2020,10/10/2020,10/24/2020,10/24/2020,11/7/2020,Airport campaign rally
Donald Trump,Bangor ,Penobscot,Maine,Penobscot_Maine,20201025,Penobscot_Maine_20201025,10/25/2020,10/11/2020,10/25/2020,10/25/2020,11/8/2020,Airport campaign rally
Kamala Harris,Pontiac,Oakland,Michigan,Oakland_Michigan,20201025,Oakland_Michigan_20201025,10/25/2020,10/11/2020,10/25/2020,10/25/2020,11/8/2020,Drive-in campaign rally
Kamala Harris,Troy,Oakland,Michigan,Oakland_Michigan,20201025,Oakland_Michigan_20201025,10/25/2020,10/11/2020,10/25/2020,10/25/2020,11/8/2020,Canvass kickoff event
Kamala Harris,Detroit,Wayne,Michigan,Wayne_Michigan,20201025,Wayne_Michigan_20201025,10/25/2020,10/11/2020,10/25/2020,10/25/2020,11/8/2020,Attend drive-in church service; canvass kickoff
Donald Trump,Londonderry,Rockingham,New Hampshire,Rockingham_New Hampshire,20201025,Rockingham_New Hampshire_20201025,10/25/2020,10/11/2020,10/25/2020,10/25/2020,11/8/2020,Airport campaign rally
Mike Pence,Kinston,Lenoir,North Carolina,Lenoir_North Carolina,20201025,Lenoir_North Carolina_20201025,10/25/2020,10/11/2020,10/25/2020,10/25/2020,11/8/2020,Campaign rally
Mike Pence,Hibbing,St Louis,Minnesota,St Louis_Minnesota,20201026,St Louis_Minnesota_20201026,10/26/2020,10/12/2020,10/26/2020,10/26/2020,11/9/2020,Airport campaign rally
Donald Trump,Martinsburg,Blair,Pennsylvania,Blair_Pennsylvania,20201026,Blair_Pennsylvania_20201026,10/26/2020,10/12/2020,10/26/2020,10/26/2020,11/9/2020,Airport campaign rally
Joe Biden,Chester,Chester,Pennsylvania,Chester_Pennsylvania,20201026,Chester_Pennsylvania_20201026,10/26/2020,10/12/2020,10/26/2020,10/26/2020,11/9/2020,Greeted voters
Donald Trump,Lititz,Lancaster,Pennsylvania,Lancaster_Pennsylvania,20201026,Lancaster_Pennsylvania_20201026,10/26/2020,10/12/2020,10/26/2020,10/26/2020,11/9/2020,Airport campaign rally
Donald Trump,Allentown,Lehigh,Pennsylvania,Lehigh_Pennsylvania,20201026,Lehigh_Pennsylvania_20201026,10/26/2020,10/12/2020,10/26/2020,10/26/2020,11/9/2020,Airport campaign rally
Joe Biden,Atlanta,Fulton,Georgia,Fulton_Georgia,20201027,Fulton_Georgia_20201027,10/27/2020,10/13/2020,10/27/2020,10/27/2020,11/10/2020,Drive-in campaign rally
Joe Biden,Warm Springs,Meriwether,Georgia,Meriwether_Georgia,20201027,Meriwether_Georgia_20201027,10/27/2020,10/13/2020,10/27/2020,10/27/2020,11/10/2020,Speech on uniting the nation
Donald Trump,Lansing,Ingham,Michigan,Ingham_Michigan,20201027,Ingham_Michigan_20201027,10/27/2020,10/13/2020,10/27/2020,10/27/2020,11/10/2020,Airport campaign rally
Kamala Harris,Las Vegas,Clark,Nevada,Clark_Nevada,20201027,Clark_Nevada_20201027,10/27/2020,10/13/2020,10/27/2020,10/27/2020,11/10/2020,Early voter mobilization event
Kamala Harris,Reno,Washoe,Nevada,Washoe_Nevada,20201027,Washoe_Nevada_20201027,10/27/2020,10/13/2020,10/27/2020,10/27/2020,11/10/2020,Early voter mobilization event
Mike Pence,Greensboro,Guliford,North Carolina,Guliford_North Carolina,20201027,Guliford_North Carolina_20201027,10/27/2020,10/13/2020,10/27/2020,10/27/2020,11/10/2020,Campaign rally
Donald Trump,Omaha,Douglas,North Carolina,Douglas_North Carolina,20201027,Douglas_North Carolina_20201027,10/27/2020,10/13/2020,10/27/2020,10/27/2020,11/10/2020,Airport campaign rally
Mike Pence,Greenville,Greenville,South Carolina,Greenville_South Carolina,20201027,Greenville_South Carolina_20201027,10/27/2020,10/13/2020,10/27/2020,10/27/2020,11/10/2020,Campaign rally
Donald Trump,West Salem,LaCrosse,Wisconsin,LaCrosse_Wisconsin,20201027,LaCrosse_Wisconsin_20201027,10/27/2020,10/13/2020,10/27/2020,10/27/2020,11/10/2020,Airport campaign rally
Donald Trump,Goodyear,Maricopa,Arizona,Maricopa_Arizona,20201028,Maricopa_Arizona_20201028,10/28/2020,10/14/2020,10/28/2020,10/28/2020,11/11/2020,Airport campaign rally
Kamala Harris,Phoenix,Maricopa,Arizona,Maricopa_Arizona,20201028,Maricopa_Arizona_20201028,10/28/2020,10/14/2020,10/28/2020,10/28/2020,11/11/2020,Meeting with Black leaders; drive-in rally
Donald Trump,Bullhead City,Mohave,Arizona,Mohave_Arizona,20201028,Mohave_Arizona_20201028,10/28/2020,10/14/2020,10/28/2020,10/28/2020,11/11/2020,Airport campaign rally
Kamala Harris,Tucson,Pima,Arizona,Pima_Arizona,20201028,Pima_Arizona_20201028,10/28/2020,10/14/2020,10/28/2020,10/28/2020,11/11/2020,Meeting with Latina business owners; drive-in rally
MIke Pence,Flint,Genesee,Maine,Genesee_Maine,20201028,Genesee_Maine_20201028,10/28/2020,10/14/2020,10/28/2020,10/28/2020,11/11/2020,Airport campaign rally
Mike Pence,Mosinee,Marathon,Wisconsin,Marathon_Wisconsin,20201028,Marathon_Wisconsin_20201028,10/28/2020,10/14/2020,10/28/2020,10/28/2020,11/11/2020,Airport campaign rally
Joe Biden,Broward County,Broward,Florida,Broward_Florida,20201029,Broward_Florida_20201029,10/29/2020,10/15/2020,10/29/2020,10/29/2020,11/12/2020,Drive-in campaign rally
Donald Trump,Tampa,Hillsborough,Florida,Hillsborough_Florida,20201029,Hillsborough_Florida_20201029,10/29/2020,10/15/2020,10/29/2020,10/29/2020,11/12/2020,Campaign rally
Joe Biden,Tampa,Hillsborough,Florida,Hillsborough_Florida,20201029,Hillsborough_Florida_20201029,10/29/2020,10/15/2020,10/29/2020,10/29/2020,11/12/2020,Drive-in campaign rally
Mike Pence,Des Moines,Polk,Iowa,Polk_Iowa,20201029,Polk_Iowa_20201029,10/29/2020,10/15/2020,10/29/2020,10/29/2020,11/12/2020,Airport campaign rally
Mike Pence,Reno,Washoe,Nevada,Washoe_Nevada,20201029,Washoe_Nevada_20201029,10/29/2020,10/15/2020,10/29/2020,10/29/2020,11/12/2020,Airport campaign rally
Donald Trump,Fayetteville,Cumberland,North Carolina,Cumberland_North Carolina,20201029,Cumberland_North Carolina_20201029,10/29/2020,10/15/2020,10/29/2020,10/29/2020,11/12/2020,Airport campaign rally
Donald Trump,Fort Bragg,Cumberland,North Carolina,Cumberland_North Carolina,20201029,Cumberland_North Carolina_20201029,10/29/2020,10/15/2020,10/29/2020,10/29/2020,11/12/2020,Military vist
Mike Pence,Flagstaff,Coconino,Arizona,Coconino_Arizona,20201030,Coconino_Arizona_20201030,10/30/2020,10/16/2020,10/30/2020,10/30/2020,11/13/2020,Airport rally
Mike Pence,Tucson,Pima,Arizona,Pima_Arizona,20201030,Pima_Arizona_20201030,10/30/2020,10/16/2020,10/30/2020,10/30/2020,11/13/2020,Airport rally
Joe Biden,Des Moines,Polk,Iowa,Polk_Iowa,20201030,Polk_Iowa_20201030,10/30/2020,10/16/2020,10/30/2020,10/30/2020,11/13/2020,Drive-in campaign rally
Donald Trump,Waterford Township,Oakland,Michigan,Oakland_Michigan,20201030,Oakland_Michigan_20201030,10/30/2020,10/16/2020,10/30/2020,10/30/2020,11/13/2020,Airport rally
Donald Trump,Rochester,Olmstead,Minnesota,Olmstead_Minnesota,20201030,Olmstead_Minnesota_20201030,10/30/2020,10/16/2020,10/30/2020,10/30/2020,11/13/2020,Airport rally
Joe Biden,St. Paul,Ramsey,Minnesota,Ramsey_Minnesota,20201030,Ramsey_Minnesota_20201030,10/30/2020,10/16/2020,10/30/2020,10/30/2020,11/13/2020,Drive-in campaign rally
Kamala Harris,Houston,Harris,Texas,Harris_Texas,20201030,Harris_Texas_20201030,10/30/2020,10/16/2020,10/30/2020,10/30/2020,11/13/2020,Voter mobilization event
Kamala Harris,McAllen,Hidalgo,Texas,Hidalgo_Texas,20201030,Hidalgo_Texas_20201030,10/30/2020,10/16/2020,10/30/2020,10/30/2020,11/13/2020,Voter mobilization event with Beto O'Rourke
Kamala Harris,Ft. Worth,Tarrant,Texas,Tarrant_Texas,20201030,Tarrant_Texas_20201030,10/30/2020,10/16/2020,10/30/2020,10/30/2020,11/13/2020,Voter mobilization event
Donald Trump,Green Bay,Brown,Wisconsin,Brown_Wisconsin,20201030,Brown_Wisconsin_20201030,10/30/2020,10/16/2020,10/30/2020,10/30/2020,11/13/2020,Airport rally
Joe Biden,Milwaukee,Milwaukee,Wisconsin,Milwaukee_Wisconsin,20201030,Milwaukee_Wisconsin_20201030,10/30/2020,10/16/2020,10/30/2020,10/30/2020,11/13/2020,Campaign speech
Kamala Harris,Ft. Lauderdale,Broward,Florida,Broward_Florida,20201031,Broward_Florida_20201031,10/31/2020,10/17/2020,10/31/2020,10/31/2020,11/14/2020,Early voting event
Kamala Harris,Miami,Miami-Dade,Florida,Miami-Dade_Florida,20201031,Miami-Dade_Florida_20201031,10/31/2020,10/17/2020,10/31/2020,10/31/2020,11/14/2020,Drive-in events
Kamala Harris,Lake Worth,Palm beach,Florida,Palm beach_Florida,20201031,Palm beach_Florida_20201031,10/31/2020,10/17/2020,10/31/2020,10/31/2020,11/14/2020,Voter turnout event
Joe Biden,Flint,Genesee,Maine,Genesee_Maine,20201031,Genesee_Maine_20201031,10/31/2020,10/17/2020,10/31/2020,10/31/2020,11/14/2020,Drive-in event with Barack Obama
Joe Biden,Bloomfield Hills,Oakland,Michigan,Oakland_Michigan,20201031,Oakland_Michigan_20201031,10/31/2020,10/17/2020,10/31/2020,10/31/2020,11/14/2020,Campaign stop with Barack Obama
Joe Biden,Detroit,Wayne,Michigan,Wayne_Michigan,20201031,Wayne_Michigan_20201031,10/31/2020,10/17/2020,10/31/2020,10/31/2020,11/14/2020,Drive-in event with Barack Obama
Mike Pence,Elizabeth City,Pasquotank,North Carolina,Pasquotank_North Carolina,20201031,Pasquotank_North Carolina_20201031,10/31/2020,10/17/2020,10/31/2020,10/31/2020,11/14/2020,Airport campaign rally
Mike Pence,Elm City,Wilson,North Carolina,Wilson_North Carolina,20201031,Wilson_North Carolina_20201031,10/31/2020,10/17/2020,10/31/2020,10/31/2020,11/14/2020,Airport campaign rally
Donald Trump,Reading,Berks,Pennsylvania,Berks_Pennsylvania,20201031,Berks_Pennsylvania_20201031,10/31/2020,10/17/2020,10/31/2020,10/31/2020,11/14/2020,Campaign rally
Donald Trump,Newtown,Bucks,Pennsylvania,Bucks_Pennsylvania,20201031,Bucks_Pennsylvania_20201031,10/31/2020,10/17/2020,10/31/2020,10/31/2020,11/14/2020,Campaign rally
Donald Trump,Butler,Butler,Pennsylvania,Butler_Pennsylvania,20201031,Butler_Pennsylvania_20201031,10/31/2020,10/17/2020,10/31/2020,10/31/2020,11/14/2020,Airport rally
Donald Trump,Montoursville,Lycoming,Pennsylvania,Lycoming_Pennsylvania,20201031,Lycoming_Pennsylvania_20201031,10/31/2020,10/17/2020,10/31/2020,10/31/2020,11/14/2020,Airport rally
Donald Trump,Opa-lacka,Miami-Dade,Florida,Miami-Dade_Florida,20201101,Miami-Dade_Florida_20201101,11/1/2020,10/18/2020,11/1/2020,11/1/2020,11/15/2020,Airport rally
Donald Trump,Rome,Floyd,Georgia,Floyd_Georgia,20201101,Floyd_Georgia_20201101,11/1/2020,10/18/2020,11/1/2020,11/1/2020,11/15/2020,Airport rally
Kamala Harris,Gwinnett County,Gwinnett,Georgia,Gwinnett_Georgia,20201101,Gwinnett_Georgia_20201101,11/1/2020,10/18/2020,11/1/2020,11/1/2020,11/15/2020,Voter mobilization event
Donald Trump,Dubuque,Dubuque,Iowa,Dubuque_Iowa,20201101,Dubuque_Iowa_20201101,11/1/2020,10/18/2020,11/1/2020,11/1/2020,11/15/2020,Airport rally
Donald Trump,Washington,Macomb,Michigan,Macomb_Michigan,20201101,Macomb_Michigan_20201101,11/1/2020,10/18/2020,11/1/2020,11/1/2020,11/15/2020,Airport rally
Donald Trump,Hickory,Catawba,North Carolina,Catawba_North Carolina,20201101,Catawba_North Carolina_20201101,11/1/2020,10/18/2020,11/1/2020,11/1/2020,11/15/2020,Airport rally
Kamala Harris,Fayetteville,Cumberland,North Carolina,Cumberland_North Carolina,20201101,Cumberland_North Carolina_20201101,11/1/2020,10/18/2020,11/1/2020,11/1/2020,11/15/2020,Voter mobilization event
Mike Pence,Boone,Watauga,North Carolina,Watauga_North Carolina,20201101,Watauga_North Carolina_20201101,11/1/2020,10/18/2020,11/1/2020,11/1/2020,11/15/2020,Attend church service
Kamala Harris,Goldsboro,Wayne,North Carolina,Wayne_North Carolina,20201101,Wayne_North Carolina_20201101,11/1/2020,10/18/2020,11/1/2020,11/1/2020,11/15/2020,Voter mobilization event
Joe Biden,Philadelphia,Philadelphia,Pennsylvania,Philadelphia_Pennsylvania,20201101,Philadelphia_Pennsylvania_20201101,11/1/2020,10/18/2020,11/1/2020,11/1/2020,11/15/2020,"""Souls to the Polls"" campaign event; drive-in rally"
Donald Trump,Traverse City,Grand Traverse,Michigan,Grand Traverse_Michigan,20201102,Grand Traverse_Michigan_20201102,11/2/2020,10/19/2020,11/2/2020,11/2/2020,11/16/2020,Airport rally
Donald Trump,Grand Rapids,Kent,Michigan,Kent_Michigan,20201102,Kent_Michigan_20201102,11/2/2020,10/19/2020,11/2/2020,11/2/2020,11/16/2020,Airport rally
Joe Biden,Cleveland,Cleveland,North Carolina,Cleveland_North Carolina,20201102,Cleveland_North Carolina_20201102,11/2/2020,10/19/2020,11/2/2020,11/2/2020,11/16/2020,Campaign speech
Donald Trump,Fayetteville,Cumberland,North Carolina,Cumberland_North Carolina,20201102,Cumberland_North Carolina_20201102,11/2/2020,10/19/2020,11/2/2020,11/2/2020,11/16/2020,Airport rally
Joe Biden,Pittsburgh,Allegheny,Pennsylvania,Allegheny_Pennsylvania,20201102,Allegheny_Pennsylvania_20201102,11/2/2020,10/19/2020,11/2/2020,11/2/2020,11/16/2020,Drive-in rally
Mike Pence,Erie,Erie,Pennsylvania,Erie_Pennsylvania,20201102,Erie_Pennsylvania_20201102,11/2/2020,10/19/2020,11/2/2020,11/2/2020,11/16/2020,Airport rally
Kamala Harris,Lazerne,Lazerne,Pennsylvania,Lazerne_Pennsylvania,20201102,Lazerne_Pennsylvania_20201102,11/2/2020,10/19/2020,11/2/2020,11/2/2020,11/16/2020,Voter mobilization event
Kamala Harris,Lehigh Valley,Lehigh,Pennsylvania,Lehigh_Pennsylvania,20201102,Lehigh_Pennsylvania_20201102,11/2/2020,10/19/2020,11/2/2020,11/2/2020,11/16/2020,Voter mobilization event
Donald Trump,Avoca,Luzerne,Pennsylvania,Luzerne_Pennsylvania,20201102,Luzerne_Pennsylvania_20201102,11/2/2020,10/19/2020,11/2/2020,11/2/2020,11/16/2020,Airport rally
Kamala Harris,Philadelphia,Philadelphia,Pennsylvania,Philadelphia_Pennsylvania,20201102,Philadelphia_Pennsylvania_20201102,11/2/2020,10/19/2020,11/2/2020,11/2/2020,11/16/2020,Drive-in rally
Mike Pence,Latrobe,Westmoreland,Pennsylvania,Westmoreland_Pennsylvania,20201102,Westmoreland_Pennsylvania_20201102,11/2/2020,10/19/2020,11/2/2020,11/2/2020,11/16/2020,Airport rally
Donald Trump,Kenosha,Kenosha ,Wisconsin,Kenosha _Wisconsin,20201102,Kenosha _Wisconsin_20201102,11/2/2020,10/19/2020,11/2/2020,11/2/2020,11/16/2020,Airport rally
Joe Biden,Wilmington ,New Castle,Delaware,New Castle_Delaware,20201103,New Castle_Delaware_20201103,11/3/2020,10/20/2020,11/3/2020,11/3/2020,11/17/2020,Election Day stop
Kamala Harris,Detroit,Wayne,Michigan,Wayne_Michigan,20201103,Wayne_Michigan_20201103,11/3/2020,10/20/2020,11/3/2020,11/3/2020,11/17/2020,Voter turnout event
Joe Biden,Philadelphia,Philadelphia,Pennsylvania,Philadelphia_Pennsylvania,20201103,Philadelphia_Pennsylvania_20201103,11/3/2020,10/20/2020,11/3/2020,11/3/2020,11/17/2020,Voter turnout event
